Label (Grouping),United States!!Households!!Estimate,United States!!Households!!Margin of Error,United States!!Families!!Estimate,United States!!Families!!Margin of Error,United States!!Married-couple families!!Estimate,United States!!Married-couple families!!Margin of Error,United States!!Nonfamily households!!Estimate,United States!!Nonfamily households!!Margin of Error,Alabama!!Households!!Estimate,Alabama!!Households!!Margin of Error,Alabama!!Families!!Estimate,Alabama!!Families!!Margin of Error,Alabama!!Married-couple families!!Estimate,Alabama!!Married-couple families!!Margin of Error,Alabama!!Nonfamily households!!Estimate,Alabama!!Nonfamily households!!Margin of Error,Alaska!!Households!!Estimate,Alaska!!Households!!Margin of Error,Alaska!!Families!!Estimate,Alaska!!Families!!Margin of Error,Alaska!!Married-couple families!!Estimate,Alaska!!Married-couple families!!Margin of Error,Alaska!!Nonfamily households!!Estimate,Alaska!!Nonfamily households!!Margin of Error,Arizona!!Households!!Estimate,Arizona!!Households!!Margin of Error,Arizona!!Families!!Estimate,Arizona!!Families!!Margin of Error,Arizona!!Married-couple families!!Estimate,Arizona!!Married-couple families!!Margin of Error,Arizona!!Nonfamily households!!Estimate,Arizona!!Nonfamily households!!Margin of Error,Arkansas!!Households!!Estimate,Arkansas!!Households!!Margin of Error,Arkansas!!Families!!Estimate,Arkansas!!Families!!Margin of Error,Arkansas!!Married-couple families!!Estimate,Arkansas!!Married-couple families!!Margin of Error,Arkansas!!Nonfamily households!!Estimate,Arkansas!!Nonfamily households!!Margin of Error,California!!Households!!Estimate,California!!Households!!Margin of Error,California!!Families!!Estimate,California!!Families!!Margin of Error,California!!Married-couple families!!Estimate,California!!Married-couple families!!Margin of Error,California!!Nonfamily households!!Estimate,California!!Nonfamily households!!Margin of Error,Colorado!!Households!!Estimate,Colorado!!Households!!Margin of Error,Colorado!!Families!!Estimate,Colorado!!Families!!Margin of Error,Colorado!!Married-couple families!!Estimate,Colorado!!Married-couple families!!Margin of Error,Colorado!!Nonfamily households!!Estimate,Colorado!!Nonfamily households!!Margin of Error,Connecticut!!Households!!Estimate,Connecticut!!Households!!Margin of Error,Connecticut!!Families!!Estimate,Connecticut!!Families!!Margin of Error,Connecticut!!Married-couple families!!Estimate,Connecticut!!Married-couple families!!Margin of Error,Connecticut!!Nonfamily households!!Estimate,Connecticut!!Nonfamily households!!Margin of Error,Delaware!!Households!!Estimate,Delaware!!Households!!Margin of Error,Delaware!!Families!!Estimate,Delaware!!Families!!Margin of Error,Delaware!!Married-couple families!!Estimate,Delaware!!Married-couple families!!Margin of Error,Delaware!!Nonfamily households!!Estimate,Delaware!!Nonfamily households!!Margin of Error,District of Columbia!!Households!!Estimate,District of Columbia!!Households!!Margin of Error,District of Columbia!!Families!!Estimate,District of Columbia!!Families!!Margin of Error,District of Columbia!!Married-couple families!!Estimate,District of Columbia!!Married-couple families!!Margin of Error,District of Columbia!!Nonfamily households!!Estimate,District of Columbia!!Nonfamily households!!Margin of Error,Florida!!Households!!Estimate,Florida!!Households!!Margin of Error,Florida!!Families!!Estimate,Florida!!Families!!Margin of Error,Florida!!Married-couple families!!Estimate,Florida!!Married-couple families!!Margin of Error,Florida!!Nonfamily households!!Estimate,Florida!!Nonfamily households!!Margin of Error,Georgia!!Households!!Estimate,Georgia!!Households!!Margin of Error,Georgia!!Families!!Estimate,Georgia!!Families!!Margin of Error,Georgia!!Married-couple families!!Estimate,Georgia!!Married-couple families!!Margin of Error,Georgia!!Nonfamily households!!Estimate,Georgia!!Nonfamily households!!Margin of Error,Hawaii!!Households!!Estimate,Hawaii!!Households!!Margin of Error,Hawaii!!Families!!Estimate,Hawaii!!Families!!Margin of Error,Hawaii!!Married-couple families!!Estimate,Hawaii!!Married-couple families!!Margin of Error,Hawaii!!Nonfamily households!!Estimate,Hawaii!!Nonfamily households!!Margin of Error,Idaho!!Households!!Estimate,Idaho!!Households!!Margin of Error,Idaho!!Families!!Estimate,Idaho!!Families!!Margin of Error,Idaho!!Married-couple families!!Estimate,Idaho!!Married-couple families!!Margin of Error,Idaho!!Nonfamily households!!Estimate,Idaho!!Nonfamily households!!Margin of Error,Illinois!!Households!!Estimate,Illinois!!Households!!Margin of Error,Illinois!!Families!!Estimate,Illinois!!Families!!Margin of Error,Illinois!!Married-couple families!!Estimate,Illinois!!Married-couple families!!Margin of Error,Illinois!!Nonfamily households!!Estimate,Illinois!!Nonfamily households!!Margin of Error,Indiana!!Households!!Estimate,Indiana!!Households!!Margin of Error,Indiana!!Families!!Estimate,Indiana!!Families!!Margin of Error,Indiana!!Married-couple families!!Estimate,Indiana!!Married-couple families!!Margin of Error,Indiana!!Nonfamily households!!Estimate,Indiana!!Nonfamily households!!Margin of Error,Iowa!!Households!!Estimate,Iowa!!Households!!Margin of Error,Iowa!!Families!!Estimate,Iowa!!Families!!Margin of Error,Iowa!!Married-couple families!!Estimate,Iowa!!Married-couple families!!Margin of Error,Iowa!!Nonfamily households!!Estimate,Iowa!!Nonfamily households!!Margin of Error,Kansas!!Households!!Estimate,Kansas!!Households!!Margin of Error,Kansas!!Families!!Estimate,Kansas!!Families!!Margin of Error,Kansas!!Married-couple families!!Estimate,Kansas!!Married-couple families!!Margin of Error,Kansas!!Nonfamily households!!Estimate,Kansas!!Nonfamily households!!Margin of Error,Kentucky!!Households!!Estimate,Kentucky!!Households!!Margin of Error,Kentucky!!Families!!Estimate,Kentucky!!Families!!Margin of Error,Kentucky!!Married-couple families!!Estimate,Kentucky!!Married-couple families!!Margin of Error,Kentucky!!Nonfamily households!!Estimate,Kentucky!!Nonfamily households!!Margin of Error,Louisiana!!Households!!Estimate,Louisiana!!Households!!Margin of Error,Louisiana!!Families!!Estimate,Louisiana!!Families!!Margin of Error,Louisiana!!Married-couple families!!Estimate,Louisiana!!Married-couple families!!Margin of Error,Louisiana!!Nonfamily households!!Estimate,Louisiana!!Nonfamily households!!Margin of Error,Maine!!Households!!Estimate,Maine!!Households!!Margin of Error,Maine!!Families!!Estimate,Maine!!Families!!Margin of Error,Maine!!Married-couple families!!Estimate,Maine!!Married-couple families!!Margin of Error,Maine!!Nonfamily households!!Estimate,Maine!!Nonfamily households!!Margin of Error,Maryland!!Households!!Estimate,Maryland!!Households!!Margin of Error,Maryland!!Families!!Estimate,Maryland!!Families!!Margin of Error,Maryland!!Married-couple families!!Estimate,Maryland!!Married-couple families!!Margin of Error,Maryland!!Nonfamily households!!Estimate,Maryland!!Nonfamily households!!Margin of Error,Massachusetts!!Households!!Estimate,Massachusetts!!Households!!Margin of Error,Massachusetts!!Families!!Estimate,Massachusetts!!Families!!Margin of Error,Massachusetts!!Married-couple families!!Estimate,Massachusetts!!Married-couple families!!Margin of Error,Massachusetts!!Nonfamily households!!Estimate,Massachusetts!!Nonfamily households!!Margin of Error,Michigan!!Households!!Estimate,Michigan!!Households!!Margin of Error,Michigan!!Families!!Estimate,Michigan!!Families!!Margin of Error,Michigan!!Married-couple families!!Estimate,Michigan!!Married-couple families!!Margin of Error,Michigan!!Nonfamily households!!Estimate,Michigan!!Nonfamily households!!Margin of Error,Minnesota!!Households!!Estimate,Minnesota!!Households!!Margin of Error,Minnesota!!Families!!Estimate,Minnesota!!Families!!Margin of Error,Minnesota!!Married-couple families!!Estimate,Minnesota!!Married-couple families!!Margin of Error,Minnesota!!Nonfamily households!!Estimate,Minnesota!!Nonfamily households!!Margin of Error,Mississippi!!Households!!Estimate,Mississippi!!Households!!Margin of Error,Mississippi!!Families!!Estimate,Mississippi!!Families!!Margin of Error,Mississippi!!Married-couple families!!Estimate,Mississippi!!Married-couple families!!Margin of Error,Mississippi!!Nonfamily households!!Estimate,Mississippi!!Nonfamily households!!Margin of Error,Missouri!!Households!!Estimate,Missouri!!Households!!Margin of Error,Missouri!!Families!!Estimate,Missouri!!Families!!Margin of Error,Missouri!!Married-couple families!!Estimate,Missouri!!Married-couple families!!Margin of Error,Missouri!!Nonfamily households!!Estimate,Missouri!!Nonfamily households!!Margin of Error,Montana!!Households!!Estimate,Montana!!Households!!Margin of Error,Montana!!Families!!Estimate,Montana!!Families!!Margin of Error,Montana!!Married-couple families!!Estimate,Montana!!Married-couple families!!Margin of Error,Montana!!Nonfamily households!!Estimate,Montana!!Nonfamily households!!Margin of Error,Nebraska!!Households!!Estimate,Nebraska!!Households!!Margin of Error,Nebraska!!Families!!Estimate,Nebraska!!Families!!Margin of Error,Nebraska!!Married-couple families!!Estimate,Nebraska!!Married-couple families!!Margin of Error,Nebraska!!Nonfamily households!!Estimate,Nebraska!!Nonfamily households!!Margin of Error,Nevada!!Households!!Estimate,Nevada!!Households!!Margin of Error,Nevada!!Families!!Estimate,Nevada!!Families!!Margin of Error,Nevada!!Married-couple families!!Estimate,Nevada!!Married-couple families!!Margin of Error,Nevada!!Nonfamily households!!Estimate,Nevada!!Nonfamily households!!Margin of Error,New Hampshire!!Households!!Estimate,New Hampshire!!Households!!Margin of Error,New Hampshire!!Families!!Estimate,New Hampshire!!Families!!Margin of Error,New Hampshire!!Married-couple families!!Estimate,New Hampshire!!Married-couple families!!Margin of Error,New Hampshire!!Nonfamily households!!Estimate,New Hampshire!!Nonfamily households!!Margin of Error,New Jersey!!Households!!Estimate,New Jersey!!Households!!Margin of Error,New Jersey!!Families!!Estimate,New Jersey!!Families!!Margin of Error,New Jersey!!Married-couple families!!Estimate,New Jersey!!Married-couple families!!Margin of Error,New Jersey!!Nonfamily households!!Estimate,New Jersey!!Nonfamily households!!Margin of Error,New Mexico!!Households!!Estimate,New Mexico!!Households!!Margin of Error,New Mexico!!Families!!Estimate,New Mexico!!Families!!Margin of Error,New Mexico!!Married-couple families!!Estimate,New Mexico!!Married-couple families!!Margin of Error,New Mexico!!Nonfamily households!!Estimate,New Mexico!!Nonfamily households!!Margin of Error,New York!!Households!!Estimate,New York!!Households!!Margin of Error,New York!!Families!!Estimate,New York!!Families!!Margin of Error,New York!!Married-couple families!!Estimate,New York!!Married-couple families!!Margin of Error,New York!!Nonfamily households!!Estimate,New York!!Nonfamily households!!Margin of Error,North Carolina!!Households!!Estimate,North Carolina!!Households!!Margin of Error,North Carolina!!Families!!Estimate,North Carolina!!Families!!Margin of Error,North Carolina!!Married-couple families!!Estimate,North Carolina!!Married-couple families!!Margin of Error,North Carolina!!Nonfamily households!!Estimate,North Carolina!!Nonfamily households!!Margin of Error,North Dakota!!Households!!Estimate,North Dakota!!Households!!Margin of Error,North Dakota!!Families!!Estimate,North Dakota!!Families!!Margin of Error,North Dakota!!Married-couple families!!Estimate,North Dakota!!Married-couple families!!Margin of Error,North Dakota!!Nonfamily households!!Estimate,North Dakota!!Nonfamily households!!Margin of Error,Ohio!!Households!!Estimate,Ohio!!Households!!Margin of Error,Ohio!!Families!!Estimate,Ohio!!Families!!Margin of Error,Ohio!!Married-couple families!!Estimate,Ohio!!Married-couple families!!Margin of Error,Ohio!!Nonfamily households!!Estimate,Ohio!!Nonfamily households!!Margin of Error,Oklahoma!!Households!!Estimate,Oklahoma!!Households!!Margin of Error,Oklahoma!!Families!!Estimate,Oklahoma!!Families!!Margin of Error,Oklahoma!!Married-couple families!!Estimate,Oklahoma!!Married-couple families!!Margin of Error,Oklahoma!!Nonfamily households!!Estimate,Oklahoma!!Nonfamily households!!Margin of Error,Oregon!!Households!!Estimate,Oregon!!Households!!Margin of Error,Oregon!!Families!!Estimate,Oregon!!Families!!Margin of Error,Oregon!!Married-couple families!!Estimate,Oregon!!Married-couple families!!Margin of Error,Oregon!!Nonfamily households!!Estimate,Oregon!!Nonfamily households!!Margin of Error,Pennsylvania!!Households!!Estimate,Pennsylvania!!Households!!Margin of Error,Pennsylvania!!Families!!Estimate,Pennsylvania!!Families!!Margin of Error,Pennsylvania!!Married-couple families!!Estimate,Pennsylvania!!Married-couple families!!Margin of Error,Pennsylvania!!Nonfamily households!!Estimate,Pennsylvania!!Nonfamily households!!Margin of Error,Rhode Island!!Households!!Estimate,Rhode Island!!Households!!Margin of Error,Rhode Island!!Families!!Estimate,Rhode Island!!Families!!Margin of Error,Rhode Island!!Married-couple families!!Estimate,Rhode Island!!Married-couple families!!Margin of Error,Rhode Island!!Nonfamily households!!Estimate,Rhode Island!!Nonfamily households!!Margin of Error,South Carolina!!Households!!Estimate,South Carolina!!Households!!Margin of Error,South Carolina!!Families!!Estimate,South Carolina!!Families!!Margin of Error,South Carolina!!Married-couple families!!Estimate,South Carolina!!Married-couple families!!Margin of Error,South Carolina!!Nonfamily households!!Estimate,South Carolina!!Nonfamily households!!Margin of Error,South Dakota!!Households!!Estimate,South Dakota!!Households!!Margin of Error,South Dakota!!Families!!Estimate,South Dakota!!Families!!Margin of Error,South Dakota!!Married-couple families!!Estimate,South Dakota!!Married-couple families!!Margin of Error,South Dakota!!Nonfamily households!!Estimate,South Dakota!!Nonfamily households!!Margin of Error,Tennessee!!Households!!Estimate,Tennessee!!Households!!Margin of Error,Tennessee!!Families!!Estimate,Tennessee!!Families!!Margin of Error,Tennessee!!Married-couple families!!Estimate,Tennessee!!Married-couple families!!Margin of Error,Tennessee!!Nonfamily households!!Estimate,Tennessee!!Nonfamily households!!Margin of Error,Texas!!Households!!Estimate,Texas!!Households!!Margin of Error,Texas!!Families!!Estimate,Texas!!Families!!Margin of Error,Texas!!Married-couple families!!Estimate,Texas!!Married-couple families!!Margin of Error,Texas!!Nonfamily households!!Estimate,Texas!!Nonfamily households!!Margin of Error,Utah!!Households!!Estimate,Utah!!Households!!Margin of Error,Utah!!Families!!Estimate,Utah!!Families!!Margin of Error,Utah!!Married-couple families!!Estimate,Utah!!Married-couple families!!Margin of Error,Utah!!Nonfamily households!!Estimate,Utah!!Nonfamily households!!Margin of Error,Vermont!!Households!!Estimate,Vermont!!Households!!Margin of Error,Vermont!!Families!!Estimate,Vermont!!Families!!Margin of Error,Vermont!!Married-couple families!!Estimate,Vermont!!Married-couple families!!Margin of Error,Vermont!!Nonfamily households!!Estimate,Vermont!!Nonfamily households!!Margin of Error,Virginia!!Households!!Estimate,Virginia!!Households!!Margin of Error,Virginia!!Families!!Estimate,Virginia!!Families!!Margin of Error,Virginia!!Married-couple families!!Estimate,Virginia!!Married-couple families!!Margin of Error,Virginia!!Nonfamily households!!Estimate,Virginia!!Nonfamily households!!Margin of Error,Washington!!Households!!Estimate,Washington!!Households!!Margin of Error,Washington!!Families!!Estimate,Washington!!Families!!Margin of Error,Washington!!Married-couple families!!Estimate,Washington!!Married-couple families!!Margin of Error,Washington!!Nonfamily households!!Estimate,Washington!!Nonfamily households!!Margin of Error,West Virginia!!Households!!Estimate,West Virginia!!Households!!Margin of Error,West Virginia!!Families!!Estimate,West Virginia!!Families!!Margin of Error,West Virginia!!Married-couple families!!Estimate,West Virginia!!Married-couple families!!Margin of Error,West Virginia!!Nonfamily households!!Estimate,West Virginia!!Nonfamily households!!Margin of Error,Wisconsin!!Households!!Estimate,Wisconsin!!Households!!Margin of Error,Wisconsin!!Families!!Estimate,Wisconsin!!Families!!Margin of Error,Wisconsin!!Married-couple families!!Estimate,Wisconsin!!Married-couple families!!Margin of Error,Wisconsin!!Nonfamily households!!Estimate,Wisconsin!!Nonfamily households!!Margin of Error,Wyoming!!Households!!Estimate,Wyoming!!Households!!Margin of Error,Wyoming!!Families!!Estimate,Wyoming!!Families!!Margin of Error,Wyoming!!Married-couple families!!Estimate,Wyoming!!Married-couple families!!Margin of Error,Wyoming!!Nonfamily households!!Estimate,Wyoming!!Nonfamily households!!Margin of Error,Puerto Rico!!Households!!Estimate,Puerto Rico!!Households!!Margin of Error,Puerto Rico!!Families!!Estimate,Puerto Rico!!Families!!Margin of Error,Puerto Rico!!Married-couple families!!Estimate,Puerto Rico!!Married-couple families!!Margin of Error,Puerto Rico!!Nonfamily households!!Estimate,Puerto Rico!!Nonfamily households!!Margin of Error
Total,"118,860,065","±154,606","77,785,962","±125,088","56,967,798","±148,592","41,074,103","±103,964","1,852,518","±12,189","1,208,362","±12,930","864,330","±11,285","644,156","±10,818","248,468","±2,841","164,102","±4,083","122,168","±3,732","84,366","±4,018","2,519,052","±11,479","1,648,739","±12,489","1,194,185","±12,340","870,313","±12,408","1,142,718","±7,341","747,917","±9,249","549,997","±9,419","394,801","±9,567","12,944,178","±15,703","8,887,761","±26,268","6,406,893","±35,137","4,056,417","±24,288","2,108,992","±7,767","1,347,936","±10,110","1,051,388","±10,580","761,056","±10,030","1,357,269","±7,141","880,600","±11,466","648,449","±8,724","476,669","±8,670","351,085","±3,936","232,433","±5,605","167,306","±5,224","118,652","±4,707","281,241","±3,152","122,732","±3,407","71,204","±3,680","158,509","±4,136","7,573,456","±23,478","4,864,461","±24,241","3,513,794","±23,103","2,708,995","±23,001","3,686,135","±15,528","2,479,003","±18,252","1,748,096","±19,025","1,207,132","±14,964","455,868","±4,824","315,505","±5,105","236,236","±4,782","140,363","±5,041","610,872","±4,143","411,617","±7,286","328,906","±7,528","199,255","±6,420","4,822,046","±12,932","3,100,613","±17,145","2,266,786","±16,563","1,721,433","±16,439","2,533,270","±10,440","1,645,758","±11,176","1,225,255","±11,039","887,512","±11,254","1,247,932","±7,106","795,043","±8,419","630,993","±8,001","452,889","±7,182","1,110,407","±6,778","716,005","±8,245","555,970","±8,062","394,402","±8,116","1,717,706","±9,131","1,121,404","±10,897","812,069","±11,116","596,302","±10,780","1,720,801","±8,997","1,097,712","±12,285","735,458","±10,367","623,089","±10,033","531,660","±5,774","329,554","±6,035","256,503","±5,929","202,106","±5,429","2,194,657","±9,484","1,458,953","±11,514","1,039,902","±11,785","735,704","±9,658","2,579,398","±8,290","1,633,661","±12,099","1,194,726","±12,786","945,737","±11,435","3,884,153","±13,696","2,476,595","±14,487","1,819,434","±13,279","1,407,558","±13,507","2,148,725","±7,378","1,367,104","±9,317","1,081,567","±10,748","781,621","±9,219","1,091,245","±8,803","730,719","±10,889","489,734","±10,531","360,526","±8,546","2,372,190","±10,844","1,527,349","±11,298","1,139,135","±11,880","844,841","±10,759","416,125","±4,426","257,449","±5,388","207,675","±5,292","158,676","±4,537","747,562","±4,452","476,436","±5,393","369,253","±5,767","271,126","±5,915","1,055,158","±6,433","670,968","±8,716","469,014","±8,496","384,190","±7,925","520,643","±5,191","342,912","±5,731","271,458","±5,721","177,731","±5,207","3,194,519","±10,274","2,197,150","±15,175","1,623,674","±14,092","997,369","±13,050","758,364","±6,296","481,127","±7,528","334,266","±7,687","277,237","±5,882","7,209,054","±17,665","4,541,583","±22,755","3,159,748","±19,627","2,667,471","±20,755","3,882,423","±16,063","2,542,663","±18,509","1,864,455","±17,934","1,339,760","±13,827","315,134","±3,356","184,904","±4,823","150,317","±4,304","130,230","±4,087","4,624,669","±14,929","2,929,661","±16,417","2,121,616","±17,453","1,695,008","±14,965","1,469,342","±7,193","961,731","±8,307","710,097","±8,227","507,611","±8,382","1,571,678","±6,691","995,749","±11,239","766,154","±9,935","575,929","±10,562","4,937,771","±13,721","3,150,563","±15,900","2,341,561","±15,549","1,787,208","±14,757","408,239","±4,139","247,448","±5,295","172,506","±5,808","160,791","±5,503","1,877,887","±10,574","1,224,695","±13,377","872,181","±11,452","653,192","±11,276","334,003","±3,659","209,986","±3,966","164,515","±4,200","124,017","±3,356","2,556,332","±11,690","1,670,605","±13,670","1,223,193","±13,602","885,727","±11,837","9,535,612","±20,125","6,602,215","±26,303","4,757,297","±28,152","2,933,397","±24,245","943,147","±4,975","711,124","±7,895","578,132","±8,683","232,023","±6,814","254,851","±2,815","154,421","±3,800","120,302","±3,706","100,430","±3,244","3,120,692","±13,161","2,063,049","±16,402","1,557,536","±15,464","1,057,643","±14,080","2,768,076","±8,506","1,784,043","±12,484","1,388,872","±11,916","984,033","±11,731","722,125","±5,656","467,396","±6,711","347,095","±6,294","254,729","±6,086","2,326,998","±7,745","1,460,922","±9,966","1,129,359","±11,890","866,076","±9,602","223,619","±4,088","145,524","±4,006","117,038","±4,196","78,095","±3,889","1,208,438","±9,900","836,332","±9,750","464,172","±8,435","372,106","±8,634"
"Less than $10,000",6.7%,±0.1,4.0%,±0.1,1.5%,±0.1,12.9%,±0.1,9.5%,±0.3,5.6%,±0.3,2.0%,±0.2,17.8%,±0.8,3.6%,±0.5,2.7%,±0.5,0.8%,±0.3,7.1%,±1.3,7.3%,±0.3,5.0%,±0.3,2.3%,±0.2,13.4%,±0.6,8.8%,±0.5,5.3%,±0.4,1.8%,±0.3,16.6%,±1.1,5.4%,±0.1,3.7%,±0.1,1.6%,±0.1,10.8%,±0.2,5.2%,±0.2,2.5%,±0.2,1.1%,±0.2,10.4%,±0.5,5.2%,±0.3,3.1%,±0.3,0.9%,±0.2,9.9%,±0.6,5.9%,±0.7,3.6%,±0.6,1.9%,±0.5,11.4%,±1.6,10.7%,±1.0,6.9%,±1.3,0.8%,±0.5,13.9%,±1.5,7.1%,±0.2,4.3%,±0.1,2.1%,±0.1,13.3%,±0.4,7.5%,±0.2,5.0%,±0.3,1.9%,±0.2,14.0%,±0.6,5.5%,±0.5,2.5%,±0.4,1.4%,±0.3,13.2%,±1.4,7.3%,±0.6,4.0%,±0.5,2.0%,±0.4,15.7%,±1.5,7.0%,±0.2,4.0%,±0.2,1.4%,±0.1,13.4%,±0.4,6.7%,±0.2,3.8%,±0.3,1.4%,±0.2,13.3%,±0.6,5.8%,±0.3,3.2%,±0.2,1.2%,±0.2,11.8%,±0.7,6.2%,±0.3,3.0%,±0.3,1.1%,±0.2,12.9%,±0.9,9.6%,±0.3,6.1%,±0.3,2.2%,±0.3,17.5%,±0.8,10.3%,±0.4,6.4%,±0.4,2.1%,±0.3,18.3%,±0.8,6.2%,±0.5,2.8%,±0.4,1.1%,±0.3,12.6%,±1.1,5.2%,±0.2,2.7%,±0.2,1.0%,±0.2,11.0%,±0.7,5.8%,±0.3,3.4%,±0.2,1.1%,±0.1,10.8%,±0.5,7.3%,±0.2,4.2%,±0.2,1.5%,±0.1,13.9%,±0.4,4.6%,±0.2,2.2%,±0.2,0.8%,±0.1,9.6%,±0.4,10.4%,±0.4,6.8%,±0.5,2.5%,±0.4,19.2%,±1.1,6.8%,±0.3,3.7%,±0.3,1.5%,±0.2,13.3%,±0.7,6.4%,±0.5,2.8%,±0.5,1.3%,±0.4,12.8%,±1.2,6.1%,±0.4,2.9%,±0.4,1.0%,±0.2,12.7%,±1.0,6.5%,±0.5,4.3%,±0.5,1.8%,±0.3,11.8%,±0.9,4.0%,±0.5,1.5%,±0.3,0.8%,±0.3,9.4%,±1.3,5.3%,±0.2,2.9%,±0.2,1.1%,±0.1,11.6%,±0.5,8.8%,±0.6,6.1%,±0.7,2.2%,±0.4,15.4%,±1.2,7.5%,±0.2,4.4%,±0.2,1.7%,±0.1,13.9%,±0.4,7.3%,±0.2,4.5%,±0.2,1.5%,±0.1,13.6%,±0.4,6.1%,±0.7,3.2%,±0.8,1.1%,±0.4,11.2%,±1.3,7.5%,±0.2,4.6%,±0.2,1.4%,±0.1,13.8%,±0.4,7.8%,±0.3,4.9%,±0.3,1.7%,±0.2,15.2%,±0.8,5.9%,±0.3,3.4%,±0.4,1.4%,±0.3,11.5%,±0.7,6.4%,±0.2,3.5%,±0.2,1.3%,±0.1,12.4%,±0.4,7.3%,±0.7,3.6%,±0.7,1.3%,±0.4,13.9%,±1.6,8.2%,±0.3,4.9%,±0.3,1.5%,±0.2,15.7%,±0.8,6.6%,±0.6,4.3%,±0.6,1.4%,±0.4,11.2%,±1.4,7.9%,±0.3,5.0%,±0.3,1.7%,±0.2,14.7%,±0.6,6.5%,±0.1,4.4%,±0.1,1.8%,±0.1,12.9%,±0.4,4.2%,±0.3,2.8%,±0.3,1.3%,±0.2,10.4%,±1.1,5.5%,±0.6,3.2%,±0.6,1.3%,±0.3,10.2%,±1.2,5.6%,±0.2,3.3%,±0.2,1.2%,±0.1,11.1%,±0.5,5.3%,±0.2,3.0%,±0.2,1.2%,±0.1,10.6%,±0.5,9.7%,±0.6,6.1%,±0.6,2.5%,±0.4,18.5%,±1.2,5.4%,±0.2,3.0%,±0.2,1.1%,±0.1,10.5%,±0.4,5.2%,±0.7,2.1%,±0.5,1.4%,±0.6,11.7%,±2.0,28.3%,±0.6,22.5%,±0.7,11.1%,±0.6,44.6%,±1.2
"$10,000 to $14,999",4.8%,±0.1,2.7%,±0.1,1.4%,±0.1,9.2%,±0.1,6.5%,±0.3,3.4%,±0.3,1.6%,±0.2,12.5%,±0.7,2.9%,±0.5,1.4%,±0.4,0.5%,±0.3,6.4%,±1.3,4.9%,±0.3,3.1%,±0.2,1.7%,±0.2,8.8%,±0.5,6.6%,±0.3,3.3%,±0.3,1.9%,±0.3,13.4%,±0.9,4.5%,±0.1,2.7%,±0.1,1.5%,±0.1,9.2%,±0.2,3.8%,±0.2,1.9%,±0.2,0.9%,±0.1,7.6%,±0.6,3.7%,±0.3,1.6%,±0.2,0.7%,±0.1,7.6%,±0.6,3.7%,±0.5,2.0%,±0.5,0.8%,±0.3,7.3%,±1.1,5.2%,±0.7,3.6%,±0.9,0.8%,±0.6,6.6%,±1.1,5.0%,±0.1,2.9%,±0.1,1.8%,±0.1,9.1%,±0.3,5.1%,±0.2,3.0%,±0.2,1.4%,±0.1,9.6%,±0.4,3.7%,±0.5,2.0%,±0.4,1.4%,±0.3,7.7%,±1.3,5.0%,±0.5,2.6%,±0.5,1.4%,±0.3,10.6%,±1.2,4.3%,±0.1,2.3%,±0.1,1.2%,±0.1,8.2%,±0.3,4.8%,±0.2,2.7%,±0.2,1.1%,±0.1,9.2%,±0.4,4.4%,±0.2,1.9%,±0.2,0.8%,±0.2,9.2%,±0.6,4.7%,±0.3,2.4%,±0.3,1.1%,±0.2,9.5%,±0.6,6.3%,±0.3,3.9%,±0.3,2.2%,±0.2,11.1%,±0.7,6.5%,±0.3,4.3%,±0.3,1.9%,±0.2,10.8%,±0.7,5.6%,±0.5,2.4%,±0.4,1.4%,±0.3,11.3%,±1.1,2.9%,±0.2,1.6%,±0.2,0.6%,±0.1,5.7%,±0.4,4.3%,±0.2,2.0%,±0.2,0.9%,±0.1,8.6%,±0.4,5.0%,±0.2,2.7%,±0.2,1.3%,±0.1,9.3%,±0.4,4.1%,±0.2,1.7%,±0.1,0.8%,±0.1,8.7%,±0.4,8.0%,±0.4,5.0%,±0.5,2.1%,±0.3,14.3%,±1.1,5.2%,±0.2,3.2%,±0.2,1.5%,±0.2,9.4%,±0.4,6.0%,±0.6,2.8%,±0.5,1.8%,±0.4,11.3%,±1.2,4.4%,±0.3,1.8%,±0.3,0.8%,±0.2,9.5%,±0.8,4.0%,±0.3,2.4%,±0.3,1.3%,±0.3,7.4%,±0.7,3.1%,±0.4,1.3%,±0.3,0.5%,±0.2,6.9%,±0.9,3.7%,±0.2,2.0%,±0.2,0.9%,±0.1,8.0%,±0.5,6.5%,±0.4,3.8%,±0.4,2.2%,±0.4,11.6%,±0.9,4.9%,±0.1,3.1%,±0.1,1.8%,±0.1,8.3%,±0.2,5.9%,±0.2,3.3%,±0.2,1.5%,±0.1,11.3%,±0.4,4.1%,±0.5,1.3%,±0.5,0.7%,±0.3,8.3%,±1.1,5.2%,±0.2,3.1%,±0.2,1.3%,±0.1,9.3%,±0.3,5.7%,±0.2,2.8%,±0.2,1.5%,±0.2,11.3%,±0.6,4.5%,±0.3,2.2%,±0.3,1.1%,±0.2,9.0%,±0.6,4.7%,±0.1,2.4%,±0.1,1.1%,±0.1,9.2%,±0.3,5.9%,±0.6,3.0%,±0.6,1.1%,±0.4,10.4%,±1.3,5.7%,±0.3,2.9%,±0.3,1.1%,±0.2,11.4%,±0.7,4.6%,±0.5,1.8%,±0.3,0.9%,±0.3,9.7%,±1.3,5.4%,±0.2,3.0%,±0.2,1.6%,±0.2,10.1%,±0.5,4.6%,±0.1,3.1%,±0.1,1.7%,±0.1,8.5%,±0.3,3.3%,±0.3,1.8%,±0.3,1.2%,±0.2,8.2%,±0.9,6.1%,±0.7,2.8%,±0.6,1.1%,±0.4,12.0%,±1.4,3.9%,±0.2,2.0%,±0.2,0.9%,±0.1,7.8%,±0.4,3.8%,±0.2,2.0%,±0.2,1.1%,±0.1,7.4%,±0.4,6.6%,±0.5,3.5%,±0.4,2.0%,±0.3,12.5%,±1.1,4.8%,±0.2,2.2%,±0.2,0.9%,±0.1,9.4%,±0.5,4.5%,±0.8,2.2%,±0.6,1.5%,±0.5,8.8%,±1.8,11.6%,±0.5,10.0%,±0.6,9.1%,±0.6,15.8%,±0.9
"$15,000 to $24,999",9.7%,±0.1,7.1%,±0.1,4.4%,±0.1,15.5%,±0.1,12.2%,±0.4,9.3%,±0.4,5.8%,±0.4,18.4%,±0.8,6.5%,±0.6,4.5%,±0.7,2.7%,±0.5,11.4%,±1.5,9.8%,±0.3,7.4%,±0.4,5.0%,±0.4,15.0%,±0.6,12.7%,±0.5,9.5%,±0.5,6.2%,±0.5,19.4%,±1.2,8.6%,±0.1,7.2%,±0.2,5.1%,±0.1,12.5%,±0.2,8.1%,±0.3,5.3%,±0.3,3.5%,±0.3,13.9%,±0.6,7.6%,±0.4,4.9%,±0.4,2.2%,±0.3,13.3%,±0.8,8.4%,±0.8,6.1%,±0.9,2.9%,±0.7,13.2%,±1.7,6.9%,±0.8,5.9%,±1.1,1.9%,±0.8,8.0%,±1.2,11.0%,±0.2,8.5%,±0.2,5.8%,±0.2,16.3%,±0.4,10.3%,±0.3,8.3%,±0.3,4.8%,±0.3,15.5%,±0.6,6.3%,±0.6,4.1%,±0.6,2.8%,±0.6,11.8%,±1.3,10.2%,±0.6,7.0%,±0.7,4.9%,±0.6,17.8%,±1.2,9.3%,±0.2,6.6%,±0.2,3.7%,±0.2,15.2%,±0.4,10.6%,±0.3,6.9%,±0.3,4.0%,±0.3,18.3%,±0.6,9.9%,±0.3,5.7%,±0.4,3.3%,±0.3,18.0%,±0.7,9.8%,±0.3,6.1%,±0.4,3.7%,±0.3,17.4%,±0.8,11.7%,±0.4,9.1%,±0.5,6.1%,±0.4,17.8%,±0.8,12.9%,±0.5,10.4%,±0.6,6.0%,±0.5,17.9%,±0.7,10.9%,±0.7,7.3%,±0.7,4.6%,±0.5,17.7%,±1.4,6.5%,±0.3,4.3%,±0.3,2.2%,±0.2,11.7%,±0.5,7.6%,±0.3,4.8%,±0.3,2.7%,±0.2,12.8%,±0.5,10.7%,±0.2,7.3%,±0.3,4.1%,±0.2,17.4%,±0.4,8.4%,±0.3,4.7%,±0.3,2.8%,±0.2,15.7%,±0.6,13.0%,±0.5,9.9%,±0.6,5.8%,±0.5,20.2%,±1.0,10.6%,±0.3,7.4%,±0.3,4.5%,±0.3,17.4%,±0.8,10.7%,±0.8,7.2%,±0.8,4.8%,±0.5,17.3%,±1.6,9.2%,±0.5,5.5%,±0.5,3.2%,±0.4,16.6%,±1.0,10.1%,±0.5,7.3%,±0.5,4.6%,±0.5,16.1%,±1.0,7.0%,±0.5,4.0%,±0.5,2.1%,±0.4,14.6%,±1.4,7.7%,±0.2,5.3%,±0.2,3.0%,±0.2,13.7%,±0.5,12.9%,±0.6,10.3%,±0.6,7.2%,±0.6,18.0%,±1.2,9.0%,±0.2,6.8%,±0.2,4.5%,±0.2,13.3%,±0.3,10.9%,±0.2,8.3%,±0.3,5.3%,±0.2,16.4%,±0.4,9.0%,±0.9,4.8%,±0.9,3.2%,±0.6,15.7%,±1.8,10.6%,±0.2,6.8%,±0.2,3.8%,±0.2,17.7%,±0.5,11.4%,±0.3,8.4%,±0.3,5.1%,±0.3,18.0%,±0.7,9.8%,±0.4,6.8%,±0.5,4.5%,±0.4,16.1%,±0.8,10.1%,±0.2,6.2%,±0.2,3.7%,±0.2,17.7%,±0.4,8.9%,±0.7,6.1%,±0.8,3.3%,±0.6,13.9%,±1.4,10.9%,±0.3,8.1%,±0.4,4.9%,±0.3,16.6%,±0.7,9.4%,±0.7,5.3%,±0.7,3.3%,±0.7,16.9%,±1.6,11.9%,±0.4,8.7%,±0.4,5.6%,±0.3,18.5%,±0.7,9.8%,±0.2,8.0%,±0.2,5.3%,±0.2,14.6%,±0.4,7.2%,±0.4,5.0%,±0.4,3.4%,±0.3,15.2%,±1.2,9.6%,±0.9,5.3%,±0.8,3.9%,±0.7,16.9%,±1.8,7.8%,±0.2,5.4%,±0.3,3.2%,±0.2,12.9%,±0.5,7.6%,±0.3,5.2%,±0.3,3.0%,±0.2,12.9%,±0.6,12.9%,±0.6,9.3%,±0.6,6.4%,±0.6,20.0%,±1.1,9.8%,±0.2,6.1%,±0.3,3.6%,±0.2,17.0%,±0.6,9.9%,±1.1,5.7%,±1.0,4.1%,±0.9,18.5%,±2.2,18.1%,±0.5,18.9%,±0.6,18.8%,±0.9,16.6%,±0.9
"$25,000 to $34,999",9.5%,±0.1,8.1%,±0.1,6.3%,±0.1,12.5%,±0.1,11.1%,±0.3,9.9%,±0.4,7.7%,±0.3,13.5%,±0.7,6.9%,±0.7,5.1%,±0.7,3.6%,±0.7,10.4%,±1.6,10.1%,±0.3,9.0%,±0.3,7.2%,±0.3,13.1%,±0.6,11.9%,±0.5,11.3%,±0.6,9.7%,±0.5,13.5%,±0.9,8.0%,±0.1,7.4%,±0.1,6.0%,±0.2,9.7%,±0.2,8.2%,±0.3,6.6%,±0.3,5.4%,±0.3,11.4%,±0.5,7.6%,±0.3,6.0%,±0.3,4.0%,±0.4,11.3%,±0.7,9.6%,±0.8,7.3%,±0.8,4.9%,±0.8,14.5%,±1.7,6.4%,±0.9,6.5%,±1.5,2.2%,±1.0,6.6%,±1.1,11.0%,±0.2,9.7%,±0.2,7.9%,±0.3,13.8%,±0.3,9.9%,±0.3,8.9%,±0.3,6.9%,±0.3,12.2%,±0.5,6.7%,±0.6,6.1%,±0.7,4.4%,±0.7,8.9%,±1.2,10.2%,±0.7,9.0%,±0.8,7.5%,±0.9,13.2%,±1.3,8.8%,±0.2,7.2%,±0.2,5.3%,±0.2,12.1%,±0.4,10.6%,±0.3,8.7%,±0.3,6.3%,±0.3,14.6%,±0.6,10.2%,±0.4,7.5%,±0.4,5.8%,±0.4,15.2%,±0.7,10.5%,±0.5,8.4%,±0.5,6.3%,±0.4,15.2%,±0.9,11.0%,±0.4,9.9%,±0.5,7.7%,±0.5,13.2%,±0.7,10.5%,±0.4,9.5%,±0.4,7.3%,±0.5,12.7%,±0.6,10.6%,±0.6,9.1%,±0.8,7.3%,±0.7,13.8%,±1.1,6.7%,±0.3,5.6%,±0.3,3.6%,±0.3,9.4%,±0.6,7.1%,±0.2,5.6%,±0.3,3.7%,±0.2,10.4%,±0.5,10.4%,±0.2,8.4%,±0.2,6.4%,±0.2,14.1%,±0.4,8.3%,±0.2,6.4%,±0.3,4.4%,±0.3,12.3%,±0.5,11.2%,±0.5,10.9%,±0.6,9.0%,±0.7,11.9%,±0.9,10.8%,±0.3,8.9%,±0.4,6.8%,±0.4,14.5%,±0.5,11.3%,±0.7,8.3%,±0.8,7.2%,±0.8,16.6%,±1.5,10.5%,±0.6,8.1%,±0.6,6.0%,±0.7,15.5%,±0.9,10.8%,±0.5,9.1%,±0.5,7.3%,±0.6,14.2%,±0.9,8.5%,±0.6,6.0%,±0.5,4.1%,±0.5,14.2%,±1.1,7.3%,±0.2,6.1%,±0.2,4.3%,±0.3,10.6%,±0.5,10.4%,±0.6,9.8%,±0.8,8.7%,±0.8,12.1%,±1.1,8.5%,±0.2,7.5%,±0.2,5.7%,±0.2,10.5%,±0.3,10.9%,±0.2,9.6%,±0.3,7.4%,±0.3,13.8%,±0.4,9.0%,±0.8,7.5%,±0.9,4.8%,±0.7,12.2%,±1.5,10.1%,±0.2,8.2%,±0.3,5.8%,±0.2,13.9%,±0.4,11.2%,±0.3,9.5%,±0.4,7.9%,±0.4,14.5%,±0.7,10.0%,±0.4,8.6%,±0.4,7.0%,±0.4,13.0%,±0.7,9.6%,±0.2,8.0%,±0.2,6.0%,±0.2,13.0%,±0.3,8.9%,±0.7,7.7%,±0.9,5.0%,±0.8,11.5%,±1.3,11.1%,±0.3,10.0%,±0.4,7.7%,±0.5,13.9%,±0.7,10.6%,±0.7,8.1%,±0.8,5.7%,±0.7,15.8%,±1.2,11.1%,±0.3,9.9%,±0.4,8.2%,±0.4,13.9%,±0.6,10.0%,±0.2,9.0%,±0.2,7.1%,±0.2,12.6%,±0.4,8.2%,±0.4,6.7%,±0.5,5.5%,±0.5,12.8%,±1.1,10.0%,±0.8,7.6%,±1.0,5.3%,±0.8,13.9%,±1.6,8.0%,±0.3,6.7%,±0.3,4.9%,±0.3,11.1%,±0.6,8.0%,±0.2,6.2%,±0.3,4.6%,±0.3,11.7%,±0.5,11.8%,±0.5,10.1%,±0.6,8.7%,±0.6,15.3%,±1.1,9.9%,±0.3,7.6%,±0.3,5.7%,±0.3,14.2%,±0.5,9.2%,±1.0,7.5%,±1.1,6.0%,±1.1,13.3%,±2.0,12.4%,±0.4,14.2%,±0.6,15.4%,±0.8,8.5%,±0.7
"$35,000 to $49,999",13.0%,±0.1,12.2%,±0.1,10.7%,±0.1,14.6%,±0.1,13.7%,±0.4,13.2%,±0.4,12.4%,±0.5,14.1%,±0.6,10.5%,±0.9,9.5%,±1.0,7.4%,±1.1,13.2%,±2.0,14.2%,±0.3,13.7%,±0.4,12.1%,±0.4,15.6%,±0.6,15.2%,±0.5,15.2%,±0.5,14.7%,±0.6,14.8%,±1.1,11.4%,±0.1,11.2%,±0.2,9.6%,±0.2,12.0%,±0.3,12.4%,±0.4,11.4%,±0.4,9.6%,±0.4,15.0%,±0.7,11.0%,±0.4,9.0%,±0.5,6.6%,±0.5,15.1%,±0.9,13.2%,±0.9,12.6%,±1.0,10.4%,±1.1,15.6%,±1.6,7.6%,±0.9,7.9%,±1.5,5.1%,±1.6,7.7%,±1.1,14.8%,±0.2,14.5%,±0.3,13.1%,±0.4,15.4%,±0.4,13.6%,±0.3,12.8%,±0.3,11.4%,±0.4,15.5%,±0.6,10.5%,±0.6,9.3%,±0.7,7.6%,±0.8,14.3%,±1.3,15.4%,±0.7,14.9%,±0.9,13.9%,±1.0,16.0%,±1.4,12.3%,±0.2,11.5%,±0.3,9.8%,±0.3,13.8%,±0.4,14.8%,±0.4,13.7%,±0.4,12.0%,±0.4,16.8%,±0.6,14.1%,±0.5,12.8%,±0.5,10.8%,±0.5,16.7%,±0.8,14.6%,±0.5,12.8%,±0.5,11.6%,±0.6,17.4%,±1.0,14.1%,±0.5,13.5%,±0.5,13.3%,±0.5,14.5%,±0.8,13.7%,±0.4,13.3%,±0.5,12.3%,±0.7,14.3%,±0.8,13.4%,±0.7,12.7%,±0.9,11.7%,±0.8,14.6%,±1.3,10.1%,±0.3,8.7%,±0.4,6.6%,±0.4,13.5%,±0.6,10.2%,±0.3,9.0%,±0.3,7.0%,±0.3,12.8%,±0.6,14.0%,±0.2,13.0%,±0.3,11.8%,±0.3,15.8%,±0.4,12.6%,±0.3,10.8%,±0.3,8.9%,±0.4,16.3%,±0.7,14.2%,±0.6,14.4%,±0.7,13.4%,±0.8,13.4%,±1.0,14.7%,±0.3,14.0%,±0.4,12.2%,±0.5,16.2%,±0.6,15.6%,±0.9,14.7%,±1.0,13.5%,±1.1,17.2%,±1.6,14.1%,±0.6,12.3%,±0.7,10.2%,±0.7,17.5%,±1.1,14.1%,±0.5,13.6%,±0.7,12.1%,±0.8,15.2%,±0.9,11.5%,±0.7,9.5%,±0.8,8.4%,±0.9,15.5%,±1.3,10.1%,±0.3,8.9%,±0.4,7.0%,±0.3,13.2%,±0.5,14.1%,±0.6,13.8%,±0.7,12.9%,±0.9,14.1%,±1.0,11.1%,±0.2,10.7%,±0.3,8.9%,±0.3,12.3%,±0.3,14.4%,±0.3,13.9%,±0.3,12.2%,±0.4,15.5%,±0.5,12.7%,±1.0,11.2%,±1.1,9.5%,±1.0,15.1%,±1.8,14.0%,±0.3,13.0%,±0.3,11.8%,±0.3,15.6%,±0.4,14.4%,±0.3,14.1%,±0.4,12.8%,±0.5,15.0%,±0.6,13.3%,±0.4,12.5%,±0.5,11.0%,±0.5,15.0%,±0.8,13.1%,±0.2,12.1%,±0.3,10.6%,±0.3,15.0%,±0.4,12.3%,±0.9,11.3%,±1.1,9.7%,±1.1,13.7%,±1.5,14.6%,±0.4,14.3%,±0.5,12.9%,±0.5,14.9%,±0.7,14.6%,±0.8,12.4%,±0.9,10.3%,±0.9,18.6%,±1.7,14.9%,±0.4,14.0%,±0.5,13.1%,±0.6,16.2%,±0.7,13.3%,±0.2,12.7%,±0.2,11.2%,±0.3,14.8%,±0.3,13.0%,±0.6,12.1%,±0.7,11.1%,±0.7,16.3%,±1.2,12.3%,±1.0,11.2%,±1.0,9.5%,±1.1,14.6%,±1.6,11.8%,±0.3,10.6%,±0.3,8.5%,±0.3,14.7%,±0.6,12.4%,±0.3,11.1%,±0.3,9.4%,±0.4,14.8%,±0.6,14.3%,±0.7,14.4%,±0.8,14.2%,±0.9,13.1%,±1.1,13.9%,±0.3,12.3%,±0.3,10.5%,±0.4,16.7%,±0.5,14.3%,±1.3,13.5%,±1.6,11.9%,±1.7,16.3%,±2.1,12.0%,±0.4,13.8%,±0.5,16.2%,±0.7,6.6%,±0.6
"$50,000 to $74,999",17.7%,±0.1,18.4%,±0.1,18.5%,±0.1,16.0%,±0.1,17.4%,±0.5,19.4%,±0.6,21.1%,±0.8,13.0%,±0.7,18.7%,±1.2,17.7%,±1.4,16.9%,±1.5,20.7%,±2.2,18.7%,±0.4,19.6%,±0.5,20.4%,±0.6,16.0%,±0.7,18.3%,±0.7,20.4%,±0.9,21.7%,±1.0,13.0%,±0.9,16.3%,±0.2,16.2%,±0.2,15.6%,±0.2,16.0%,±0.3,18.6%,±0.4,18.4%,±0.5,18.2%,±0.5,18.8%,±0.7,15.7%,±0.5,14.7%,±0.6,13.9%,±0.7,17.4%,±0.8,18.5%,±0.9,18.7%,±1.1,19.1%,±1.5,17.4%,±1.8,12.9%,±1.0,11.0%,±1.6,8.0%,±1.6,14.4%,±1.2,18.5%,±0.2,19.8%,±0.3,20.5%,±0.4,15.5%,±0.4,18.4%,±0.4,19.1%,±0.5,19.6%,±0.6,16.3%,±0.6,17.7%,±1.0,18.0%,±1.1,16.9%,±1.1,17.9%,±1.5,20.5%,±0.8,22.6%,±1.0,23.9%,±1.2,14.7%,±1.2,17.1%,±0.3,17.0%,±0.3,16.9%,±0.3,16.6%,±0.5,19.8%,±0.3,21.5%,±0.4,22.7%,±0.5,15.4%,±0.6,19.4%,±0.5,20.8%,±0.6,21.4%,±0.7,16.3%,±0.8,19.1%,±0.5,20.5%,±0.7,20.9%,±0.8,15.5%,±0.9,18.0%,±0.5,19.4%,±0.6,20.8%,±0.7,14.9%,±0.8,16.3%,±0.5,17.7%,±0.6,19.4%,±0.8,13.3%,±0.7,19.3%,±0.8,20.9%,±1.1,21.1%,±1.2,15.8%,±1.2,16.4%,±0.4,15.3%,±0.5,13.6%,±0.5,18.7%,±0.8,14.8%,±0.4,14.1%,±0.4,12.6%,±0.4,16.2%,±0.6,18.5%,±0.3,19.7%,±0.3,20.4%,±0.4,15.4%,±0.4,18.3%,±0.4,18.3%,±0.4,17.7%,±0.5,17.9%,±0.6,17.0%,±0.6,19.0%,±0.8,21.4%,±1.0,11.8%,±0.9,18.9%,±0.3,20.2%,±0.5,21.3%,±0.5,15.9%,±0.5,18.6%,±0.9,20.8%,±1.0,21.8%,±1.1,14.4%,±1.4,18.9%,±0.7,20.5%,±0.8,20.6%,±0.8,15.4%,±1.0,19.4%,±0.6,20.7%,±0.8,21.0%,±1.0,16.7%,±1.0,18.7%,±0.9,18.8%,±1.1,17.8%,±1.1,18.7%,±1.4,15.2%,±0.3,14.4%,±0.4,13.2%,±0.4,16.5%,±0.6,17.5%,±0.6,19.0%,±0.8,20.1%,±1.1,13.4%,±0.8,15.7%,±0.2,15.9%,±0.2,15.2%,±0.3,15.5%,±0.4,18.4%,±0.3,19.8%,±0.4,21.1%,±0.4,15.1%,±0.5,19.4%,±1.0,18.5%,±1.2,19.3%,±1.3,19.4%,±1.8,18.9%,±0.3,20.4%,±0.3,21.1%,±0.4,15.9%,±0.4,18.6%,±0.4,20.5%,±0.6,21.9%,±0.6,14.0%,±0.6,18.7%,±0.5,19.3%,±0.7,19.8%,±0.7,16.7%,±0.8,18.3%,±0.3,19.6%,±0.3,19.6%,±0.4,15.9%,±0.4,16.3%,±0.9,16.4%,±1.3,15.5%,±1.3,16.1%,±1.6,18.3%,±0.5,19.6%,±0.6,21.0%,±0.8,14.4%,±0.7,20.1%,±0.8,21.9%,±1.0,22.9%,±1.1,16.0%,±1.5,18.4%,±0.4,20.1%,±0.5,21.5%,±0.7,14.3%,±0.5,18.0%,±0.2,18.0%,±0.3,18.0%,±0.3,17.2%,±0.4,21.2%,±0.7,22.1%,±0.8,22.2%,±0.9,18.0%,±1.4,18.6%,±0.9,20.0%,±1.3,20.5%,±1.5,15.8%,±1.5,17.0%,±0.3,17.0%,±0.4,16.7%,±0.4,16.6%,±0.6,18.0%,±0.3,18.0%,±0.5,17.9%,±0.5,17.5%,±0.5,17.6%,±0.7,21.0%,±1.0,22.2%,±1.1,11.0%,±0.9,19.3%,±0.3,20.3%,±0.4,20.5%,±0.4,17.3%,±0.5,18.4%,±1.4,20.1%,±1.6,18.9%,±1.7,15.2%,±2.3,9.6%,±0.5,11.3%,±0.6,15.4%,±0.8,3.9%,±0.5
"$75,000 to $99,999",12.3%,±0.1,14.2%,±0.1,16.0%,±0.1,8.0%,±0.1,11.4%,±0.4,14.4%,±0.5,17.4%,±0.7,5.4%,±0.5,14.4%,±1.0,15.4%,±1.3,16.1%,±1.4,12.4%,±1.7,12.5%,±0.3,14.4%,±0.4,16.4%,±0.5,8.1%,±0.4,10.4%,±0.4,13.3%,±0.6,16.0%,±0.8,4.7%,±0.5,12.2%,±0.1,12.8%,±0.2,13.6%,±0.2,10.0%,±0.2,13.7%,±0.3,15.5%,±0.4,16.3%,±0.5,9.5%,±0.5,12.8%,±0.4,13.3%,±0.5,13.8%,±0.6,10.9%,±0.7,13.9%,±0.9,15.6%,±1.0,17.0%,±1.2,9.3%,±1.3,10.0%,±0.8,8.5%,±1.2,7.8%,±1.7,10.9%,±1.2,11.6%,±0.2,13.7%,±0.3,15.7%,±0.4,7.1%,±0.2,12.2%,±0.3,13.9%,±0.4,16.3%,±0.5,7.6%,±0.5,13.7%,±0.8,15.7%,±1.0,17.1%,±1.3,9.9%,±1.3,12.1%,±0.7,15.0%,±1.0,16.7%,±1.1,5.7%,±0.7,12.8%,±0.2,14.6%,±0.3,16.3%,±0.4,8.8%,±0.4,12.8%,±0.3,15.9%,±0.4,18.6%,±0.5,6.3%,±0.4,13.9%,±0.4,17.4%,±0.5,19.8%,±0.6,6.4%,±0.4,12.6%,±0.4,15.7%,±0.6,18.2%,±0.7,5.8%,±0.5,11.4%,±0.4,14.2%,±0.5,17.2%,±0.7,5.5%,±0.4,10.4%,±0.4,12.5%,±0.5,15.4%,±0.7,6.1%,±0.5,12.7%,±0.7,16.6%,±1.0,18.7%,±1.1,6.2%,±0.8,13.5%,±0.3,14.3%,±0.4,14.3%,±0.5,11.7%,±0.6,12.5%,±0.3,13.5%,±0.4,13.9%,±0.4,10.1%,±0.4,12.1%,±0.2,14.9%,±0.3,17.0%,±0.4,6.6%,±0.3,13.9%,±0.3,16.2%,±0.5,17.6%,±0.5,8.9%,±0.5,10.8%,±0.5,13.4%,±0.6,17.6%,±0.8,4.8%,±0.6,12.5%,±0.3,15.0%,±0.4,17.6%,±0.5,6.8%,±0.4,12.2%,±0.7,16.2%,±1.0,17.9%,±1.1,5.1%,±0.9,13.2%,±0.6,16.6%,±0.8,19.0%,±0.9,6.3%,±0.8,12.8%,±0.4,14.8%,±0.6,17.2%,±0.8,8.6%,±0.7,14.5%,±0.8,16.8%,±1.0,17.5%,±1.1,9.3%,±1.2,12.2%,±0.3,13.0%,±0.3,13.1%,±0.3,10.2%,±0.4,11.5%,±0.5,13.6%,±0.8,16.3%,±1.1,7.0%,±0.8,12.0%,±0.2,13.2%,±0.2,14.2%,±0.3,9.4%,±0.3,12.1%,±0.2,14.5%,±0.3,17.3%,±0.4,6.5%,±0.3,13.6%,±0.8,17.4%,±1.2,19.2%,±1.3,7.5%,±1.0,12.3%,±0.2,15.3%,±0.3,17.9%,±0.4,6.6%,±0.3,11.8%,±0.3,14.5%,±0.5,17.2%,±0.6,5.8%,±0.5,12.8%,±0.4,15.0%,±0.6,16.7%,±0.7,7.9%,±0.6,12.5%,±0.2,14.9%,±0.3,16.8%,±0.3,7.6%,±0.3,12.3%,±0.9,14.5%,±1.2,16.4%,±1.6,8.1%,±1.2,11.9%,±0.4,14.4%,±0.5,17.3%,±0.6,6.6%,±0.5,14.4%,±0.8,18.6%,±1.1,22.1%,±1.3,6.3%,±0.9,11.7%,±0.3,14.5%,±0.4,17.1%,±0.5,5.8%,±0.4,11.9%,±0.2,13.2%,±0.2,15.0%,±0.3,8.1%,±0.3,14.9%,±0.6,16.9%,±0.7,18.1%,±0.8,8.3%,±1.0,13.7%,±0.8,17.2%,±1.2,19.2%,±1.4,7.6%,±0.9,12.8%,±0.3,13.8%,±0.4,14.9%,±0.4,10.3%,±0.5,13.6%,±0.4,15.3%,±0.4,16.5%,±0.5,10.0%,±0.5,11.1%,±0.6,14.0%,±0.7,17.1%,±0.9,4.7%,±0.7,13.8%,±0.3,17.3%,±0.4,19.8%,±0.5,7.3%,±0.5,13.5%,±1.2,16.7%,±1.6,18.8%,±1.9,6.0%,±1.5,3.7%,±0.3,4.4%,±0.3,6.2%,±0.5,1.8%,±0.3
"$100,000 to $149,999",14.0%,±0.1,17.3%,±0.1,20.9%,±0.1,6.9%,±0.1,11.0%,±0.3,14.6%,±0.5,18.6%,±0.6,3.7%,±0.4,20.1%,±1.2,24.3%,±1.6,28.3%,±1.9,10.3%,±1.5,12.6%,±0.3,15.5%,±0.4,18.9%,±0.6,6.2%,±0.4,10.1%,±0.4,13.5%,±0.6,17.1%,±0.8,2.9%,±0.5,15.7%,±0.2,17.3%,±0.2,20.0%,±0.3,11.0%,±0.3,15.8%,±0.3,19.6%,±0.5,22.3%,±0.6,8.2%,±0.4,17.2%,±0.5,21.4%,±0.6,25.0%,±0.8,8.7%,±0.7,15.8%,±0.9,19.1%,±1.2,23.7%,±1.5,8.0%,±1.4,15.7%,±0.9,15.6%,±1.6,20.1%,±2.2,15.6%,±1.2,11.6%,±0.2,14.5%,±0.3,17.9%,±0.3,5.7%,±0.2,12.8%,±0.3,15.6%,±0.4,19.8%,±0.5,6.0%,±0.4,18.7%,±0.7,21.6%,±0.9,23.9%,±1.1,10.1%,±1.1,12.2%,±0.7,15.4%,±1.0,18.4%,±1.1,4.5%,±0.9,15.1%,±0.2,19.0%,±0.3,22.7%,±0.4,7.3%,±0.3,12.4%,±0.3,16.4%,±0.5,20.5%,±0.6,4.1%,±0.4,13.9%,±0.4,18.9%,±0.6,22.5%,±0.7,4.1%,±0.5,13.6%,±0.4,18.4%,±0.6,21.7%,±0.7,4.2%,±0.5,11.1%,±0.4,14.6%,±0.5,18.5%,±0.7,3.8%,±0.4,11.3%,±0.4,14.9%,±0.6,20.0%,±0.7,4.1%,±0.4,13.3%,±0.8,17.3%,±1.0,20.7%,±1.2,5.4%,±0.8,18.6%,±0.4,21.5%,±0.5,24.3%,±0.6,11.8%,±0.6,17.7%,±0.4,21.1%,±0.5,24.5%,±0.5,10.8%,±0.5,13.0%,±0.2,17.1%,±0.3,21.2%,±0.4,5.1%,±0.3,16.5%,±0.3,21.3%,±0.4,24.8%,±0.5,7.0%,±0.4,9.7%,±0.5,12.9%,±0.6,17.6%,±0.9,2.8%,±0.4,12.3%,±0.3,16.3%,±0.4,19.9%,±0.6,4.3%,±0.3,11.7%,±0.7,16.4%,±1.0,18.7%,±1.2,3.4%,±0.7,14.2%,±0.5,19.4%,±0.8,23.5%,±1.0,4.3%,±0.5,13.5%,±0.5,16.7%,±0.8,20.1%,±0.9,6.7%,±0.8,17.3%,±0.8,21.6%,±1.1,24.2%,±1.2,7.3%,±1.0,17.2%,±0.4,20.2%,±0.4,23.3%,±0.5,9.6%,±0.5,11.2%,±0.6,14.0%,±0.8,18.0%,±1.0,5.9%,±0.6,15.0%,±0.2,17.8%,±0.3,21.2%,±0.3,9.2%,±0.3,11.6%,±0.2,14.7%,±0.3,18.5%,±0.4,5.0%,±0.3,16.4%,±1.0,22.3%,±1.4,26.1%,±1.6,7.0%,±1.4,12.8%,±0.3,17.0%,±0.4,21.5%,±0.4,4.7%,±0.3,11.7%,±0.3,15.3%,±0.4,19.0%,±0.6,4.1%,±0.4,14.2%,±0.5,17.7%,±0.6,21.0%,±0.7,7.1%,±0.6,14.2%,±0.2,18.4%,±0.3,22.1%,±0.4,6.0%,±0.3,16.4%,±0.9,21.4%,±1.3,26.6%,±1.7,7.8%,±0.9,11.7%,±0.4,15.3%,±0.6,19.5%,±0.7,4.3%,±0.4,12.3%,±0.7,16.9%,±1.0,20.5%,±1.2,3.4%,±0.6,10.9%,±0.3,14.2%,±0.4,17.8%,±0.5,4.2%,±0.3,13.9%,±0.2,16.6%,±0.3,20.3%,±0.3,7.0%,±0.3,16.7%,±0.6,19.2%,±0.7,21.8%,±0.8,7.1%,±0.9,14.5%,±0.9,19.2%,±1.3,22.5%,±1.6,5.8%,±1.1,16.2%,±0.3,19.3%,±0.4,22.5%,±0.4,9.5%,±0.4,16.6%,±0.3,20.1%,±0.4,23.1%,±0.5,9.0%,±0.5,10.4%,±0.5,13.9%,±0.7,17.4%,±1.0,3.3%,±0.6,14.3%,±0.3,19.2%,±0.4,23.0%,±0.5,5.0%,±0.3,16.2%,±1.3,21.0%,±1.9,24.2%,±2.1,6.7%,±1.5,2.6%,±0.2,3.1%,±0.3,4.7%,±0.5,1.3%,±0.3
"$150,000 to $199,999",5.8%,±0.1,7.5%,±0.1,9.5%,±0.1,2.2%,±0.1,3.9%,±0.2,5.6%,±0.3,7.2%,±0.4,0.8%,±0.1,9.2%,±0.8,10.7%,±1.2,12.8%,±1.5,5.0%,±1.3,5.0%,±0.2,6.2%,±0.3,8.0%,±0.4,2.0%,±0.2,3.1%,±0.2,4.2%,±0.4,5.5%,±0.5,0.8%,±0.3,7.9%,±0.1,9.2%,±0.1,11.4%,±0.2,4.2%,±0.1,7.1%,±0.2,9.3%,±0.4,11.1%,±0.4,2.7%,±0.3,8.2%,±0.3,10.8%,±0.5,13.3%,±0.6,2.9%,±0.3,5.6%,±0.6,7.5%,±0.8,9.6%,±1.1,1.6%,±0.5,9.4%,±0.9,10.7%,±1.5,15.9%,±2.2,8.3%,±1.0,4.3%,±0.1,5.6%,±0.2,7.1%,±0.2,1.7%,±0.1,5.0%,±0.2,6.4%,±0.3,8.5%,±0.4,1.6%,±0.2,8.2%,±0.6,9.8%,±0.7,11.8%,±0.9,3.1%,±0.8,4.0%,±0.4,5.4%,±0.6,6.5%,±0.7,0.9%,±0.3,6.5%,±0.2,8.6%,±0.2,10.7%,±0.3,2.4%,±0.2,4.2%,±0.2,5.7%,±0.3,7.3%,±0.4,1.0%,±0.2,4.5%,±0.2,6.3%,±0.4,7.7%,±0.5,1.2%,±0.2,4.5%,±0.3,6.4%,±0.4,8.0%,±0.5,0.9%,±0.2,3.4%,±0.2,4.8%,±0.3,6.1%,±0.4,0.6%,±0.1,4.4%,±0.3,6.0%,±0.4,8.3%,±0.7,1.4%,±0.3,4.2%,±0.3,5.9%,±0.6,7.3%,±0.7,1.1%,±0.3,9.5%,±0.3,12.1%,±0.4,15.3%,±0.5,3.4%,±0.3,9.1%,±0.2,11.7%,±0.3,14.6%,±0.4,4.0%,±0.3,4.7%,±0.1,6.4%,±0.2,8.2%,±0.3,1.2%,±0.1,6.8%,±0.2,9.4%,±0.3,11.3%,±0.4,1.8%,±0.2,3.2%,±0.3,4.3%,±0.4,5.9%,±0.5,0.8%,±0.3,4.3%,±0.2,6.0%,±0.3,7.7%,±0.4,1.1%,±0.2,3.8%,±0.4,5.4%,±0.6,6.6%,±0.7,0.9%,±0.4,5.0%,±0.3,7.1%,±0.5,8.7%,±0.6,1.1%,±0.4,4.4%,±0.3,5.7%,±0.4,7.3%,±0.5,1.4%,±0.3,7.9%,±0.6,10.4%,±0.8,12.5%,±1.0,2.0%,±0.6,9.3%,±0.2,11.7%,±0.3,14.3%,±0.4,3.2%,±0.3,3.5%,±0.3,4.6%,±0.4,6.0%,±0.6,1.4%,±0.3,7.2%,±0.2,9.0%,±0.2,11.5%,±0.3,3.6%,±0.2,4.3%,±0.1,5.8%,±0.2,7.6%,±0.2,1.3%,±0.1,4.9%,±0.5,7.1%,±0.8,8.4%,±0.9,1.5%,±0.5,4.4%,±0.1,6.1%,±0.2,7.9%,±0.2,1.2%,±0.1,3.9%,±0.2,5.2%,±0.3,6.6%,±0.4,1.2%,±0.2,5.4%,±0.2,7.3%,±0.4,8.7%,±0.4,2.0%,±0.2,5.5%,±0.1,7.5%,±0.2,9.5%,±0.3,1.6%,±0.1,6.3%,±0.5,8.4%,±0.8,11.0%,±1.1,2.7%,±0.6,4.0%,±0.2,5.5%,±0.3,7.2%,±0.4,1.1%,±0.2,3.9%,±0.5,5.6%,±0.8,6.9%,±0.9,0.9%,±0.4,4.0%,±0.2,5.4%,±0.3,6.9%,±0.3,1.2%,±0.2,5.6%,±0.1,7.1%,±0.2,9.1%,±0.3,1.9%,±0.1,6.0%,±0.3,7.2%,±0.4,8.4%,±0.5,1.7%,±0.4,5.0%,±0.6,6.8%,±0.8,8.4%,±1.0,1.7%,±0.5,7.6%,±0.2,9.5%,±0.3,11.6%,±0.4,3.3%,±0.3,7.1%,±0.2,9.0%,±0.3,10.9%,±0.4,3.1%,±0.3,3.0%,±0.3,4.3%,±0.5,5.4%,±0.7,0.6%,±0.2,4.6%,±0.2,6.4%,±0.3,7.8%,±0.3,1.3%,±0.2,5.1%,±0.7,6.2%,±0.8,7.2%,±1.0,2.4%,±1.0,0.9%,±0.1,1.0%,±0.2,1.6%,±0.3,0.6%,±0.2
"$200,000 or more",6.4%,±0.1,8.3%,±0.1,10.8%,±0.1,2.3%,±0.1,3.3%,±0.2,4.6%,±0.3,6.2%,±0.4,0.8%,±0.2,7.1%,±0.7,8.6%,±1.0,11.0%,±1.3,3.0%,±0.8,4.8%,±0.2,6.2%,±0.3,8.0%,±0.4,2.0%,±0.2,2.9%,±0.2,4.0%,±0.3,5.2%,±0.4,0.9%,±0.2,10.1%,±0.1,12.1%,±0.1,15.6%,±0.2,4.8%,±0.2,7.2%,±0.2,9.6%,±0.3,11.6%,±0.4,2.5%,±0.3,11.1%,±0.4,15.1%,±0.5,19.6%,±0.7,3.0%,±0.4,5.6%,±0.5,7.4%,±0.8,9.8%,±1.1,1.7%,±0.5,15.1%,±0.9,23.4%,±1.5,37.5%,±2.4,7.9%,±0.9,4.9%,±0.1,6.3%,±0.2,8.2%,±0.2,2.0%,±0.1,5.3%,±0.2,7.0%,±0.2,9.4%,±0.3,1.7%,±0.2,9.2%,±0.5,10.9%,±0.7,12.8%,±0.9,3.3%,±0.8,3.1%,±0.4,4.2%,±0.5,4.9%,±0.6,0.8%,±0.3,6.8%,±0.2,9.2%,±0.2,12.0%,±0.3,2.3%,±0.2,3.5%,±0.2,4.8%,±0.2,6.1%,±0.3,0.9%,±0.1,3.9%,±0.3,5.4%,±0.4,6.6%,±0.5,1.2%,±0.3,4.4%,±0.2,6.2%,±0.3,7.5%,±0.4,1.1%,±0.2,3.4%,±0.2,4.6%,±0.3,5.9%,±0.4,1.0%,±0.2,3.8%,±0.2,5.2%,±0.3,7.3%,±0.5,1.1%,±0.2,3.7%,±0.3,5.0%,±0.5,6.1%,±0.6,1.4%,±0.3,10.5%,±0.3,13.9%,±0.4,18.5%,±0.4,3.1%,±0.4,10.8%,±0.2,14.7%,±0.4,19.2%,±0.5,3.5%,±0.3,4.4%,±0.1,6.2%,±0.2,8.1%,±0.3,1.2%,±0.1,6.4%,±0.2,9.0%,±0.3,10.9%,±0.4,1.8%,±0.2,2.6%,±0.2,3.4%,±0.3,4.7%,±0.4,0.8%,±0.2,3.9%,±0.2,5.5%,±0.3,7.0%,±0.4,1.0%,±0.2,3.7%,±0.4,5.4%,±0.6,6.3%,±0.7,1.0%,±0.4,4.2%,±0.3,5.8%,±0.4,7.1%,±0.5,1.3%,±0.3,4.3%,±0.3,5.5%,±0.4,7.4%,±0.6,1.9%,±0.3,7.5%,±0.5,10.1%,±0.8,12.1%,±1.0,2.1%,±0.5,12.0%,±0.2,15.6%,±0.3,19.8%,±0.4,3.5%,±0.3,3.6%,±0.3,4.9%,±0.5,6.5%,±0.7,1.0%,±0.3,9.0%,±0.1,11.4%,±0.2,15.3%,±0.2,4.2%,±0.2,4.4%,±0.1,5.8%,±0.2,7.7%,±0.3,1.4%,±0.1,4.8%,±0.5,6.7%,±0.7,7.6%,±0.9,2.0%,±0.6,4.1%,±0.1,5.7%,±0.2,7.5%,±0.2,1.3%,±0.1,3.5%,±0.2,4.9%,±0.3,6.2%,±0.3,0.9%,±0.2,5.3%,±0.2,7.1%,±0.3,8.8%,±0.4,1.6%,±0.2,5.4%,±0.1,7.4%,±0.2,9.5%,±0.2,1.6%,±0.1,5.4%,±0.5,7.5%,±0.7,10.1%,±1.0,1.7%,±0.5,3.7%,±0.2,5.1%,±0.3,6.8%,±0.4,1.1%,±0.2,3.7%,±0.4,5.0%,±0.7,6.1%,±0.8,1.3%,±0.5,3.8%,±0.1,5.1%,±0.2,6.6%,±0.3,1.1%,±0.2,6.4%,±0.1,8.0%,±0.1,10.6%,±0.2,2.4%,±0.2,5.2%,±0.3,6.1%,±0.4,7.1%,±0.5,1.9%,±0.5,4.8%,±0.5,6.7%,±0.8,8.3%,±1.0,1.5%,±0.5,9.3%,±0.2,12.5%,±0.3,15.7%,±0.4,2.7%,±0.2,7.6%,±0.3,10.0%,±0.3,12.2%,±0.4,2.9%,±0.3,2.5%,±0.3,3.2%,±0.3,4.1%,±0.5,1.0%,±0.3,4.1%,±0.1,5.6%,±0.2,7.0%,±0.3,1.4%,±0.2,3.8%,±0.6,5.1%,±0.9,6.1%,±1.1,1.1%,±0.6,0.7%,±0.1,0.8%,±0.2,1.4%,±0.3,0.3%,±0.1
Median income (dollars),"57,617",±115,"71,062",±119,"85,290",±122,"34,963",±138,"46,257",±677,"59,764",±816,"74,165","±1,179","25,741",±534,"76,440","±2,230","88,604","±2,636","102,909","±2,286","51,252","±2,380","53,558",±634,"63,877",±783,"76,533",±850,"34,776",±803,"44,334",±921,"55,484",±780,"67,295","±1,110","25,339",±843,"67,739",±356,"77,359",±391,"93,776",±575,"44,115",±656,"65,685",±636,"80,761",±727,"91,379",±872,"40,936",±651,"73,433","±1,059","94,449","±1,492","113,757","±1,586","41,608",±998,"61,757","±1,492","74,251","±3,185","88,558","±2,791","37,052","±1,679","75,506","±3,416","98,498","±8,129","157,776","±12,169","61,948","±3,112","50,860",±241,"61,289",±377,"73,355",±703,"32,389",±309,"53,559",±710,"65,018",±618,"80,637",±750,"33,209",±941,"74,511","±1,776","86,768","±1,511","97,414","±2,233","42,111","±2,482","51,807",±963,"63,182","±1,468","70,883","±1,305","29,627","±1,529","60,960",±389,"76,950",±630,"92,199",±554,"35,953",±483,"52,314",±371,"66,032",±571,"77,781",±882,"30,752",±386,"56,247",±695,"72,351",±954,"82,895","±1,163","31,576",±490,"54,935",±893,"70,792","±1,067","81,418",±903,"31,227",±516,"46,659",±600,"59,023","±1,044","72,354",±954,"27,220",±760,"45,146",±776,"57,490",±998,"76,410","±1,410","26,826",±652,"53,079","±1,379","68,277","±1,932","78,736","±1,840","31,024",±898,"78,945",±737,"95,336",±976,"115,074","±1,052","47,868","±1,399","75,297",±771,"95,207","±1,017","114,814","±1,374","42,343",±893,"52,492",±402,"67,330",±528,"80,908",±486,"31,305",±309,"65,599",±606,"83,344",±991,"95,551",±846,"37,804",±813,"41,754",±556,"52,672","±1,093","69,375","±1,551","22,552",±848,"51,746",±374,"65,058",±683,"77,617",±887,"31,409",±521,"50,027","±1,096","66,288","±1,333","74,369","±1,949","30,181","±1,031","56,927",±767,"73,488","±1,252","85,180","±1,246","31,765",±704,"55,180",±901,"65,384","±1,229","76,880","±1,094","35,412",±887,"70,936","±1,422","86,696","±1,850","98,088","±2,107","38,603","±2,138","76,126",±701,"94,546","±1,124","112,928","±1,165","41,163",±555,"46,748",±826,"56,802","±1,445","70,739","±1,561","28,883","±1,471","62,909",±631,"77,379",±578,"96,170",±682,"39,313",±635,"50,584",±292,"62,289",±524,"76,219",±668,"30,977",±376,"60,656","±1,528","79,530","±2,144","88,257","±2,139","37,158","±2,475","52,334",±275,"66,722",±434,"81,154",±543,"31,164",±300,"49,176",±625,"61,633",±649,"73,745",±924,"28,564",±841,"57,532",±855,"70,929",±984,"81,829",±896,"35,305",±775,"56,907",±360,"72,313",±457,"85,904",±623,"32,488",±427,"60,596","±1,591","77,940","±2,404","95,621","±2,529","35,174","±1,786","49,501",±601,"61,535",±772,"75,978",±984,"29,193",±820,"54,467","±1,289","70,853","±1,560","80,563","±1,722","32,296","±1,236","48,547",±675,"60,659",±709,"72,877",±999,"29,670",±720,"56,565",±300,"67,025",±467,"82,401",±640,"36,060",±374,"65,977",±955,"74,181","±1,212","81,946","±1,073","37,404","±1,348","57,677","±1,672","74,805","±2,276","85,031","±2,640","32,445","±1,715","68,114",±748,"83,306",±818,"99,540",±918,"41,568",±622,"67,106",±595,"81,234",±792,"93,529","±1,264","41,513",±478,"43,385","±1,112","56,703","±1,030","67,922","±1,322","24,364",±825,"56,811",±549,"72,891",±693,"83,951",±633,"34,008",±639,"59,882","±2,214","73,574","±2,463","83,041","±3,007","32,285","±2,622","20,078",±354,"24,212",±475,"31,768",±701,"11,406",±294
Mean income (dollars),"81,346",±126,"95,353",±176,"111,011",±204,"51,249",±187,"64,632",±778,"78,413","±1,195","93,119","±1,554","37,116","±1,004","93,312","±2,396","103,554","±2,617","117,306","±3,407","66,330","±3,748","74,053",±837,"85,227","±1,130","98,822","±1,481","49,041","±1,002","61,167",±929,"73,091","±1,098","85,445","±1,426","36,518","±1,481","96,961",±419,"108,073",±571,"125,953",±722,"66,477",±685,"88,246",±926,"104,274","±1,291","116,315","±1,455","56,408","±1,236","105,255","±1,275","127,843","±2,108","150,716","±2,469","59,666","±1,498","81,349","±1,980","94,643","±2,557","109,845","±3,240","52,015","±2,960","114,432","±4,518","148,208","±8,228","205,996","±11,344","85,226","±3,990","72,784",±491,"84,770",±667,"98,548",±860,"48,266",±707,"75,363",±716,"87,774",±936,"104,601","±1,256","46,865",±891,"95,904","±1,626","108,116","±1,970","119,136","±2,400","60,282","±2,831","68,006","±1,745","79,746","±2,237","88,613","±2,555","40,856","±2,046","84,561",±636,"100,978",±844,"117,880","±1,000","52,009",±704,"69,612",±638,"82,886",±900,"95,677","±1,094","42,290","±1,001","73,644",±944,"88,997","±1,297","100,120","±1,555","43,639","±1,266","73,385",±893,"89,261","±1,119","100,601","±1,313","41,851","±1,002","64,852",±833,"77,077","±1,037","90,213","±1,209","39,283","±1,164","65,696",±905,"78,660","±1,278","97,113","±1,677","40,226","±1,126","70,392","±1,306","83,973","±1,847","94,347","±2,007","45,217","±1,806","102,402",±899,"119,462","±1,177","140,177","±1,322","63,405","±1,344","101,911",±825,"122,310","±1,247","143,966","±1,628","62,500","±1,004","72,581",±470,"87,436",±686,"102,128",±827,"43,767",±655,"86,415",±772,"104,507","±1,185","117,375","±1,367","51,315",±845,"58,974","±1,006","69,954","±1,289","85,072","±1,516","34,426","±1,212","70,871",±745,"84,680","±1,061","97,752","±1,326","43,077","±1,077","69,308","±1,642","85,935","±2,533","94,462","±2,935","40,267","±1,706","74,586","±1,020","91,006","±1,570","103,257","±1,860","42,975","±1,242","73,383","±1,142","84,294","±1,562","98,087","±1,898","50,221","±1,559","90,910","±1,748","107,498","±2,150","118,835","±2,568","53,614","±2,397","105,185",±766,"123,820","±1,070","143,790","±1,211","59,679",±926,"64,515","±1,368","75,682","±1,910","89,437","±2,279","42,114","±1,416","93,373",±609,"109,325",±848,"131,021","±1,132","62,064",±816,"70,544",±700,"83,110",±935,"98,021","±1,230","44,203",±949,"79,185","±2,428","96,337","±2,834","106,517","±3,294","52,424","±3,844","71,456",±551,"85,971",±764,"101,478",±984,"43,658",±688,"66,547",±691,"79,317","±1,036","91,960","±1,250","39,705",±922,"77,460",±729,"91,056","±1,204","103,005","±1,432","50,133","±1,110","78,053",±427,"93,966",±647,"108,515",±777,"46,954",±627,"81,215","±2,120","98,328","±2,922","117,122","±3,593","51,591","±2,436","67,889",±886,"80,819","±1,262","96,109","±1,651","41,182","±1,164","71,385","±2,147","85,597","±2,725","96,852","±3,193","45,058","±3,074","68,104",±680,"80,669",±948,"93,870","±1,116","41,780",±935,"80,346",±412,"91,361",±535,"107,613",±699,"51,892",±724,"84,117","±1,372","92,548","±1,414","100,800","±1,636","53,218","±2,878","75,854","±1,917","92,503","±2,938","104,554","±3,345","46,272","±2,010","93,939",±787,"110,321","±1,002","126,867","±1,276","58,346","±1,030","90,315",±972,"105,101","±1,208","118,690","±1,396","58,971","±1,428","60,164","±1,278","71,880","±1,493","82,943","±1,771","36,001","±1,544","75,113",±661,"90,361",±905,"102,529","±1,133","46,547",±896,"75,574","±2,305","88,958","±3,063","97,756","±3,708","47,314","±3,016","31,262",±694,"35,235",±850,"45,249","±1,350","19,943",±902
PERCENT ALLOCATED,,,,,,,,,,,,,,,,,,,,,,,,,,,,,,,,,,,,,,,,,,,,,,,,,,,,,,,,,,,,,,,,,,,,,,,,,,,,,,,,,,,,,,,,,,,,,,,,,,,,,,,,,,,,,,,,,,,,,,,,,,,,,,,,,,,,,,,,,,,,,,,,,,,,,,,,,,,,,,,,,,,,,,,,,,,,,,,,,,,,,,,,,,,,,,,,,,,,,,,,,,,,,,,,,,,,,,,,,,,,,,,,,,,,,,,,,,,,,,,,,,,,,,,,,,,,,,,,,,,,,,,,,,,,,,,,,,,,,,,,,,,,,,,,,,,,,,,,,,,,,,,,,,,,,,,,,,,,,,,,,,,,,,,,,,,,,,,,,,,,,,,,,,,,,,,,,,,,,,,,,,,,,,,,,,,,,,,,,,,,,,,,,,,,,,,,,,,,,,,,,,,,,,,,,,,,,,,,,,,,,,,,
Household income in the past 12 months,35.3%,(X),(X),(X),(X),(X),(X),(X),37.8%,(X),(X),(X),(X),(X),(X),(X),31.2%,(X),(X),(X),(X),(X),(X),(X),37.1%,(X),(X),(X),(X),(X),(X),(X),35.1%,(X),(X),(X),(X),(X),(X),(X),36.0%,(X),(X),(X),(X),(X),(X),(X),31.9%,(X),(X),(X),(X),(X),(X),(X),35.0%,(X),(X),(X),(X),(X),(X),(X),35.7%,(X),(X),(X),(X),(X),(X),(X),33.6%,(X),(X),(X),(X),(X),(X),(X),37.6%,(X),(X),(X),(X),(X),(X),(X),36.8%,(X),(X),(X),(X),(X),(X),(X),38.0%,(X),(X),(X),(X),(X),(X),(X),32.9%,(X),(X),(X),(X),(X),(X),(X),35.6%,(X),(X),(X),(X),(X),(X),(X),33.9%,(X),(X),(X),(X),(X),(X),(X),34.0%,(X),(X),(X),(X),(X),(X),(X),33.0%,(X),(X),(X),(X),(X),(X),(X),33.7%,(X),(X),(X),(X),(X),(X),(X),37.2%,(X),(X),(X),(X),(X),(X),(X),28.9%,(X),(X),(X),(X),(X),(X),(X),37.1%,(X),(X),(X),(X),(X),(X),(X),37.7%,(X),(X),(X),(X),(X),(X),(X),34.1%,(X),(X),(X),(X),(X),(X),(X),29.7%,(X),(X),(X),(X),(X),(X),(X),38.0%,(X),(X),(X),(X),(X),(X),(X),34.1%,(X),(X),(X),(X),(X),(X),(X),32.8%,(X),(X),(X),(X),(X),(X),(X),33.4%,(X),(X),(X),(X),(X),(X),(X),35.7%,(X),(X),(X),(X),(X),(X),(X),30.7%,(X),(X),(X),(X),(X),(X),(X),37.7%,(X),(X),(X),(X),(X),(X),(X),32.7%,(X),(X),(X),(X),(X),(X),(X),40.5%,(X),(X),(X),(X),(X),(X),(X),33.5%,(X),(X),(X),(X),(X),(X),(X),32.8%,(X),(X),(X),(X),(X),(X),(X),32.5%,(X),(X),(X),(X),(X),(X),(X),35.8%,(X),(X),(X),(X),(X),(X),(X),31.5%,(X),(X),(X),(X),(X),(X),(X),35.5%,(X),(X),(X),(X),(X),(X),(X),34.8%,(X),(X),(X),(X),(X),(X),(X),36.9%,(X),(X),(X),(X),(X),(X),(X),29.6%,(X),(X),(X),(X),(X),(X),(X),36.6%,(X),(X),(X),(X),(X),(X),(X),34.7%,(X),(X),(X),(X),(X),(X),(X),29.3%,(X),(X),(X),(X),(X),(X),(X),30.8%,(X),(X),(X),(X),(X),(X),(X),34.6%,(X),(X),(X),(X),(X),(X),(X),30.0%,(X),(X),(X),(X),(X),(X),(X),33.0%,(X),(X),(X),(X),(X),(X),(X),31.3%,(X),(X),(X),(X),(X),(X),(X),35.1%,(X),(X),(X),(X),(X),(X),(X),30.2%,(X),(X),(X),(X),(X),(X),(X)
Family income in the past 12 months,(X),(X),36.0%,(X),(X),(X),(X),(X),(X),(X),38.2%,(X),(X),(X),(X),(X),(X),(X),32.7%,(X),(X),(X),(X),(X),(X),(X),38.5%,(X),(X),(X),(X),(X),(X),(X),36.0%,(X),(X),(X),(X),(X),(X),(X),36.6%,(X),(X),(X),(X),(X),(X),(X),32.0%,(X),(X),(X),(X),(X),(X),(X),35.9%,(X),(X),(X),(X),(X),(X),(X),37.3%,(X),(X),(X),(X),(X),(X),(X),36.4%,(X),(X),(X),(X),(X),(X),(X),38.4%,(X),(X),(X),(X),(X),(X),(X),37.9%,(X),(X),(X),(X),(X),(X),(X),39.6%,(X),(X),(X),(X),(X),(X),(X),31.8%,(X),(X),(X),(X),(X),(X),(X),36.9%,(X),(X),(X),(X),(X),(X),(X),33.8%,(X),(X),(X),(X),(X),(X),(X),33.4%,(X),(X),(X),(X),(X),(X),(X),33.0%,(X),(X),(X),(X),(X),(X),(X),34.3%,(X),(X),(X),(X),(X),(X),(X),38.5%,(X),(X),(X),(X),(X),(X),(X),28.6%,(X),(X),(X),(X),(X),(X),(X),38.3%,(X),(X),(X),(X),(X),(X),(X),38.8%,(X),(X),(X),(X),(X),(X),(X),34.4%,(X),(X),(X),(X),(X),(X),(X),29.2%,(X),(X),(X),(X),(X),(X),(X),39.2%,(X),(X),(X),(X),(X),(X),(X),34.7%,(X),(X),(X),(X),(X),(X),(X),32.3%,(X),(X),(X),(X),(X),(X),(X),33.1%,(X),(X),(X),(X),(X),(X),(X),37.0%,(X),(X),(X),(X),(X),(X),(X),30.6%,(X),(X),(X),(X),(X),(X),(X),38.6%,(X),(X),(X),(X),(X),(X),(X),34.5%,(X),(X),(X),(X),(X),(X),(X),43.0%,(X),(X),(X),(X),(X),(X),(X),34.4%,(X),(X),(X),(X),(X),(X),(X),33.5%,(X),(X),(X),(X),(X),(X),(X),33.0%,(X),(X),(X),(X),(X),(X),(X),36.4%,(X),(X),(X),(X),(X),(X),(X),31.2%,(X),(X),(X),(X),(X),(X),(X),36.1%,(X),(X),(X),(X),(X),(X),(X),36.1%,(X),(X),(X),(X),(X),(X),(X),37.3%,(X),(X),(X),(X),(X),(X),(X),29.6%,(X),(X),(X),(X),(X),(X),(X),37.0%,(X),(X),(X),(X),(X),(X),(X),36.0%,(X),(X),(X),(X),(X),(X),(X),29.0%,(X),(X),(X),(X),(X),(X),(X),30.5%,(X),(X),(X),(X),(X),(X),(X),35.0%,(X),(X),(X),(X),(X),(X),(X),29.6%,(X),(X),(X),(X),(X),(X),(X),33.7%,(X),(X),(X),(X),(X),(X),(X),30.8%,(X),(X),(X),(X),(X),(X),(X),35.2%,(X),(X),(X),(X),(X),(X),(X),32.3%,(X),(X),(X),(X),(X)
Nonfamily income in the past 12 months,(X),(X),(X),(X),(X),(X),32.2%,(X),(X),(X),(X),(X),(X),(X),35.8%,(X),(X),(X),(X),(X),(X),(X),26.0%,(X),(X),(X),(X),(X),(X),(X),32.6%,(X),(X),(X),(X),(X),(X),(X),32.1%,(X),(X),(X),(X),(X),(X),(X),31.8%,(X),(X),(X),(X),(X),(X),(X),30.1%,(X),(X),(X),(X),(X),(X),(X),31.7%,(X),(X),(X),(X),(X),(X),(X),31.4%,(X),(X),(X),(X),(X),(X),(X),30.5%,(X),(X),(X),(X),(X),(X),(X),34.6%,(X),(X),(X),(X),(X),(X),(X),32.9%,(X),(X),(X),(X),(X),(X),(X),31.7%,(X),(X),(X),(X),(X),(X),(X),33.7%,(X),(X),(X),(X),(X),(X),(X),32.0%,(X),(X),(X),(X),(X),(X),(X),32.5%,(X),(X),(X),(X),(X),(X),(X),33.6%,(X),(X),(X),(X),(X),(X),(X),31.3%,(X),(X),(X),(X),(X),(X),(X),31.6%,(X),(X),(X),(X),(X),(X),(X),33.7%,(X),(X),(X),(X),(X),(X),(X),28.4%,(X),(X),(X),(X),(X),(X),(X),32.9%,(X),(X),(X),(X),(X),(X),(X),34.4%,(X),(X),(X),(X),(X),(X),(X),32.3%,(X),(X),(X),(X),(X),(X),(X),29.2%,(X),(X),(X),(X),(X),(X),(X),34.1%,(X),(X),(X),(X),(X),(X),(X),31.6%,(X),(X),(X),(X),(X),(X),(X),32.7%,(X),(X),(X),(X),(X),(X),(X),32.5%,(X),(X),(X),(X),(X),(X),(X),31.6%,(X),(X),(X),(X),(X),(X),(X),28.8%,(X),(X),(X),(X),(X),(X),(X),33.7%,(X),(X),(X),(X),(X),(X),(X),27.9%,(X),(X),(X),(X),(X),(X),(X),34.8%,(X),(X),(X),(X),(X),(X),(X),30.7%,(X),(X),(X),(X),(X),(X),(X),31.1%,(X),(X),(X),(X),(X),(X),(X),30.4%,(X),(X),(X),(X),(X),(X),(X),33.0%,(X),(X),(X),(X),(X),(X),(X),29.9%,(X),(X),(X),(X),(X),(X),(X),33.2%,(X),(X),(X),(X),(X),(X),(X),31.6%,(X),(X),(X),(X),(X),(X),(X),34.9%,(X),(X),(X),(X),(X),(X),(X),28.6%,(X),(X),(X),(X),(X),(X),(X),34.4%,(X),(X),(X),(X),(X),(X),(X),30.2%,(X),(X),(X),(X),(X),(X),(X),28.0%,(X),(X),(X),(X),(X),(X),(X),30.3%,(X),(X),(X),(X),(X),(X),(X),32.4%,(X),(X),(X),(X),(X),(X),(X),28.9%,(X),(X),(X),(X),(X),(X),(X),29.7%,(X),(X),(X),(X),(X),(X),(X),30.9%,(X),(X),(X),(X),(X),(X),(X),33.6%,(X),(X),(X),(X),(X),(X),(X),23.6%,(X)